ROI,Frame,Row,Column,Wavelength,Intensity
1,1,0,0,533.32212640536022,2359
1,1,0,1,533.34422548497685,2343
1,1,0,2,533.3663223217585,2352
1,1,0,3,533.38841691537459,2365.39990234375
1,1,0,4,533.41050926549508,2358.39990234375
1,1,0,5,533.43259937178971,2357.199951171875
1,1,0,6,533.45468723392889,2363.39990234375
1,1,0,7,533.47677285158261,2366.60009765625
1,1,0,8,533.49885622442139,2365.89990234375
1,1,0,9,533.52093735211565,2373.699951171875
1,1,0,10,533.54301623433616,2381.800048828125
1,1,0,11,533.56509287075357,2386.10009765625
1,1,0,12,533.587167261039,2400.89990234375
1,1,0,13,533.60923940486327,2399.89990234375
1,1,0,14,533.63130930189777,2420.10009765625
1,1,0,15,533.65337695181393,2446.800048828125
1,1,0,16,533.67544235428318,2441.800048828125
1,1,0,17,533.69750550897709,2440.199951171875
1,1,0,18,533.71956641556756,2480.89990234375
1,1,0,19,533.74162507372625,2490.39990234375
1,1,0,20,533.76368148312565,2504.300048828125
1,1,0,21,533.78573564343765,2535.5
1,1,0,22,533.80778755433471,2534.5
1,1,0,23,533.82983721548931,2541.699951171875
1,1,0,24,533.851884626574,2573.300048828125
1,1,0,25,533.87392978726155,2605.60009765625
1,1,0,26,533.89597269722492,2606.89990234375
1,1,0,27,533.91801335613718,2651.60009765625
1,1,0,28,533.94005176367136,2689.10009765625
1,1,0,29,533.962087919501,2695.800048828125
1,1,0,30,533.98412182329957,2735.60009765625
1,1,0,31,534.00615347474059,2754.300048828125
1,1,0,32,534.02818287349771,2764.10009765625
1,1,0,33,534.050210019245,2824.89990234375
1,1,0,34,534.07223491165632,2866.5
1,1,0,35,534.09425755040593,2884.60009765625
1,1,0,36,534.11627793516823,2907.699951171875
1,1,0,37,534.13829606561762,2940.199951171875
1,1,0,38,534.16031194142863,2976.89990234375
1,1,0,39,534.18232556227611,2974.800048828125
1,1,0,40,534.20433692783479,2990.39990234375
1,1,0,41,534.22634603777976,3006.300048828125
1,1,0,42,534.24835289178634,3044.699951171875
1,1,0,43,534.27035748952972,3034.199951171875
1,1,0,44,534.2923598306852,3048.10009765625
1,1,0,45,534.31435991492845,3056.39990234375
1,1,0,46,534.33635774193522,3064
1,1,0,47,534.35835331138139,3068
1,1,0,48,534.380346622943,3082.800048828125
1,1,0,49,534.40233767629627,3073.699951171875
1,1,0,50,534.42432647111718,3090.300048828125
1,1,0,51,534.44631300708238,3078.699951171875
1,1,0,52,534.46829728386865,3083.39990234375
1,1,0,53,534.49027930115233,3085.10009765625
1,1,0,54,534.51225905861031,3073.699951171875
1,1,0,55,534.53423655591985,3072.699951171875
1,1,0,56,534.55621179275784,3070.800048828125
1,1,0,57,534.57818476880175,3113.5
1,1,0,58,534.60015548372871,3083
1,1,0,59,534.62212393721677,3088.10009765625
1,1,0,60,534.64409012894316,3104
1,1,0,61,534.666054058586,3108.800048828125
1,1,0,62,534.68801572582322,3131
1,1,0,63,534.70997513033285,3098
1,1,0,64,534.7319322717932,3123.10009765625
1,1,0,65,534.75388714988264,3127.699951171875
1,1,0,66,534.77583976427991,3122.39990234375
1,1,0,67,534.7977901146636,3123.199951171875
1,1,0,68,534.81973820071255,3143
1,1,0,69,534.8416840221056,3133.199951171875
1,1,0,70,534.86362757852214,3163.39990234375
1,1,0,71,534.88556886964125,3152.5
1,1,0,72,534.90750789514232,3153.60009765625
1,1,0,73,534.929444654705,3140.10009765625
1,1,0,74,534.95137914800887,3150.10009765625
1,1,0,75,534.97331137473384,3155.89990234375
1,1,0,76,534.99524133455975,3125.199951171875
1,1,0,77,535.01716902716691,3178.699951171875
1,1,0,78,535.03909445223542,3177.39990234375
1,1,0,79,535.0610176094458,3152
1,1,0,80,535.08293849847848,3170.800048828125
1,1,0,81,535.10485711901413,3173.89990234375
1,1,0,82,535.12677347073361,3182.39990234375
1,1,0,83,535.14868755331793,3168
1,1,0,84,535.17059936644819,3156.699951171875
1,1,0,85,535.1925089098055,3172.89990234375
1,1,0,86,535.21441618307153,3184.800048828125
1,1,0,87,535.23632118592741,3178.10009765625
1,1,0,88,535.25822391805514,3207
1,1,0,89,535.28012437913651,3205.300048828125
1,1,0,90,535.30202256885343,3193.199951171875
1,1,0,91,535.32391848688769,3218.10009765625
1,1,0,92,535.34581213292211,3218.39990234375
1,1,0,93,535.36770350663858,3199.199951171875
1,1,0,94,535.38959260771992,3216
1,1,0,95,535.41147943584849,3206
1,1,0,96,535.43336399070756,3212.60009765625
1,1,0,97,535.45524627197972,3228
1,1,0,98,535.47712627934823,3220.5
1,1,0,99,535.49900401249624,3223.10009765625
1,1,0,100,535.52087947110715,3233.60009765625
1,1,0,101,535.54275265486456,3235.800048828125
1,1,0,102,535.56462356345185,3255.199951171875
1,1,0,103,535.58649219655319,3233.39990234375
1,1,0,104,535.60835855385244,3242.800048828125
1,1,0,105,535.63022263503353,3261.699951171875
1,1,0,106,535.65208443978077,3249.39990234375
1,1,0,107,535.67394396777865,3231.5
1,1,0,108,535.69580121871149,3256.800048828125
1,1,0,109,535.717656192264,3241
1,1,0,110,535.73950888812124,3221.89990234375
1,1,0,111,535.76135930596786,3223.199951171875
1,1,0,112,535.783207445489,3252.699951171875
1,1,0,113,535.80505330637,3230.39990234375
1,1,0,114,535.826896888296,3211.39990234375
1,1,0,115,535.84873819095287,3209.800048828125
1,1,0,116,535.870577214026,3186.300048828125
1,1,0,117,535.89241395720137,3206
1,1,0,118,535.91424842016465,3195.60009765625
1,1,0,119,535.93608060260215,3177.10009765625
1,1,0,120,535.95791050420007,3178.39990234375
1,1,0,121,535.97973812464465,3172.699951171875
1,1,0,122,536.00156346362269,3157.39990234375
1,1,0,123,536.02338652082051,3170
1,1,0,124,536.045207295925,3190.89990234375
1,1,0,125,536.06702578862337,3175.699951171875
1,1,0,126,536.08884199860245,3164.89990234375
1,1,0,127,536.11065592554951,3167.10009765625
1,1,0,128,536.1324675691518,3164.60009765625
1,1,0,129,536.154276929097,3166.89990234375
1,1,0,130,536.17608400507288,3148
1,1,0,131,536.197888796767,3156.10009765625
1,1,0,132,536.21969130386731,3136.699951171875
1,1,0,133,536.24149152606208,3144.89990234375
1,1,0,134,536.26328946303931,3127.89990234375
1,1,0,135,536.28508511448752,3104.199951171875
1,1,0,136,536.30687848009529,3130.800048828125
1,1,0,137,536.32866955955114,3135.800048828125
1,1,0,138,536.35045835254391,3132.10009765625
1,1,0,139,536.37224485876254,3117.10009765625
1,1,0,140,536.39402907789611,3124.699951171875
1,1,0,141,536.41581100963367,3113.699951171875
1,1,0,142,536.437590653665,3098.800048828125
1,1,0,143,536.45936800967934,3119.300048828125
1,1,0,144,536.48114307736637,3082.199951171875
1,1,0,145,536.50291585641594,3093.60009765625
1,1,0,146,536.52468634651791,3085
1,1,0,147,536.54645454736249,3089.5
1,1,0,148,536.56822045863987,3107.39990234375
1,1,0,149,536.58998408004038,3085.60009765625
1,1,0,150,536.61174541125445,3090.10009765625
1,1,0,151,536.633504451973,3075.39990234375
1,1,0,152,536.65526120188656,3097.60009765625
1,1,0,153,536.67701566068638,3082.699951171875
1,1,0,154,536.6987678280633,3091
1,1,0,155,536.72051770370854,3086.199951171875
1,1,0,156,536.74226528731344,3105.5
1,1,0,157,536.76401057856981,3104.800048828125
1,1,0,158,536.7857535771692,3084.699951171875
1,1,0,159,536.8074942828033,3083.89990234375
1,1,0,160,536.829232695164,3095
1,1,0,161,536.85096881394372,3102.60009765625
1,1,0,162,536.87270263883443,3081.5
1,1,0,163,536.89443416952849,3082.300048828125
1,1,0,164,536.91616340571852,3104.60009765625
1,1,0,165,536.93789034709721,3094.699951171875
1,1,0,166,536.95961499335726,3106.39990234375
1,1,0,167,536.98133734419173,3101.60009765625
1,1,0,168,537.00305739929377,3097.300048828125
1,1,0,169,537.02477515835642,3082.800048828125
1,1,0,170,537.04649062107319,3111.39990234375
1,1,0,171,537.06820378713769,3105.699951171875
1,1,0,172,537.08991465624342,3094.300048828125
1,1,0,173,537.11162322808423,3112.199951171875
1,1,0,174,537.13332950235417,3087
1,1,0,175,537.15503347874733,3116.89990234375
1,1,0,176,537.17673515695788,3092.89990234375
1,1,0,177,537.19843453668034,3098.199951171875
1,1,0,178,537.22013161760913,3117
1,1,0,179,537.24182639943888,3099
1,1,0,180,537.26351888186457,3108.60009765625
1,1,0,181,537.285209064581,3072.300048828125
1,1,0,182,537.30689694728335,3115.199951171875
1,1,0,183,537.328582529667,3088.199951171875
1,1,0,184,537.35026581142722,3116.60009765625
1,1,0,185,537.37194679225956,3107.60009765625
1,1,0,186,537.39362547185965,3094.89990234375
1,1,0,187,537.41530184992337,3111.800048828125
1,1,0,188,537.43697592614683,3085.60009765625
1,1,0,189,537.45864770022592,3077.10009765625
1,1,0,190,537.480317171857,3089.60009765625
1,1,0,191,537.5019843407365,3115.199951171875
1,1,0,192,537.52364920656089,3084.699951171875
1,1,0,193,537.545311769027,3120.5
1,1,0,194,537.56697202783141,3101.39990234375
1,1,0,195,537.58862998267159,3108.300048828125
1,1,0,196,537.61028563324408,3091.5
1,1,0,197,537.63193897924646,3093.39990234375
1,1,0,198,537.6535900203761,3091.10009765625
1,1,0,199,537.6752387563306,3089.5
1,1,0,200,537.69688518680755,3104.5
1,1,0,201,537.718529311505,3089.10009765625
1,1,0,202,537.74017113012076,3117.199951171875
1,1,0,203,537.76181064235288,3095.300048828125
1,1,0,204,537.78344784789977,3091.89990234375
1,1,0,205,537.8050827464599,3120.5
1,1,0,206,537.8267153377318,3122.300048828125
1,1,0,207,537.84834562141418,3113.5
1,1,0,208,537.86997359720579,3100
1,1,0,209,537.89159926480579,3124.300048828125
1,1,0,210,537.913222623913,3136.60009765625
1,1,0,211,537.9348436742273,3139.300048828125
1,1,0,212,537.95646241544762,3106.699951171875
1,1,0,213,537.97807884727365,3137.699951171875
1,1,0,214,537.99969296940515,3142.89990234375
1,1,0,215,538.02130478154209,3138.60009765625
1,1,0,216,538.04291428338422,3152.39990234375
1,1,0,217,538.064521474632,3179.5
1,1,0,218,538.08612635498548,3144.10009765625
1,1,0,219,538.10772892414525,3161.60009765625
1,1,0,220,538.12932918181184,3156.39990234375
1,1,0,221,538.15092712768592,3171.60009765625
1,1,0,222,538.17252276146849,3173.300048828125
1,1,0,223,538.19411608286043,3164.699951171875
1,1,0,224,538.2157070915631,3186.199951171875
1,1,0,225,538.23729578727762,3201.800048828125
1,1,0,226,538.25888216970554,3182.5
1,1,0,227,538.28046623854846,3183
1,1,0,228,538.302047993508,3192.300048828125
1,1,0,229,538.32362743428632,3219.5
1,1,0,230,538.3452045605851,3204.39990234375
1,1,0,231,538.36677937210686,3213.800048828125
1,1,0,232,538.38835186855363,3223.5
1,1,0,233,538.409922049628,3219
1,1,0,234,538.43148991503278,3224.89990234375
1,1,0,235,538.45305546447025,3239.800048828125
1,1,0,236,538.47461869764379,3246.89990234375
1,1,0,237,538.49617961425622,3245.300048828125
1,1,0,238,538.51773821401071,3255.5
1,1,0,239,538.53929449661075,3261.10009765625
1,1,0,240,538.56084846175952,3262.800048828125
1,1,0,241,538.58240010916109,3284.5
1,1,0,242,538.60394943851884,3288.699951171875
1,1,0,243,538.62549644953674,3302.5
1,1,0,244,538.647041141919,3291.89990234375
1,1,0,245,538.66858351536973,3320.800048828125
1,1,0,246,538.69012356959342,3315.39990234375
1,1,0,247,538.71166130429435,3320.699951171875
1,1,0,248,538.73319671917716,3312.800048828125
1,1,0,249,538.75472981394694,3350.89990234375
1,1,0,250,538.77626058830822,3331.39990234375
1,1,0,251,538.79778904196633,3351.800048828125
1,1,0,252,538.81931517462647,3356
1,1,0,253,538.84083898599386,3360.199951171875
1,1,0,254,538.86236047577415,3377.300048828125
1,1,0,255,538.88387964367291,3391.800048828125
1,1,0,256,538.90539648939591,3400.699951171875
1,1,0,257,538.92691101264927,3409.89990234375
1,1,0,258,538.94842321313888,3435.89990234375
1,1,0,259,538.9699330905712,3440.89990234375
1,1,0,260,538.99144064465236,3466.89990234375
1,1,0,261,539.012945875089,3466.60009765625
1,1,0,262,539.0344487815878,3461.5
1,1,0,263,539.05594936385546,3518.800048828125
1,1,0,264,539.077447621599,3513.800048828125
1,1,0,265,539.0989435545257,3520
1,1,0,266,539.12043716234257,3544.60009765625
1,1,0,267,539.14192844475724,3530.300048828125
1,1,0,268,539.163417401477,3560.60009765625
1,1,0,269,539.1849040322096,3552.5
1,1,0,270,539.206388336663,3594.800048828125
1,1,0,271,539.22787031454516,3580.699951171875
1,1,0,272,539.24934996556408,3610.89990234375
1,1,0,273,539.270827289428,3590.60009765625
1,1,0,274,539.29230228584549,3589.10009765625
1,1,0,275,539.313774954525,3590.699951171875
1,1,0,276,539.33524529517535,3582.800048828125
1,1,0,277,539.35671330750517,3535.699951171875
1,1,0,278,539.37817899122376,3511.800048828125
1,1,0,279,539.39964234604,3500.10009765625
1,1,0,280,539.42110337166309,3468.199951171875
1,1,0,281,539.4425620678029,3465.800048828125
1,1,0,282,539.46401843416857,3465.699951171875
1,1,0,283,539.48547247047,3412.199951171875
1,1,0,284,539.5069241764171,3392
1,1,0,285,539.52837355171982,3365.699951171875
1,1,0,286,539.54982059608824,3344.39990234375
1,1,0,287,539.57126530923279,3330.5
1,1,0,288,539.5927076908639,3309.10009765625
1,1,0,289,539.61414774069215,3278.300048828125
1,1,0,290,539.63558545842818,3254.5
1,1,0,291,539.65702084378313,3256.5
1,1,0,292,539.67845389646777,3237
1,1,0,293,539.69988461619323,3222.699951171875
1,1,0,294,539.7213130026712,3193.10009765625
1,1,0,295,539.74273905561279,3187.699951171875
1,1,0,296,539.76416277472981,3195.39990234375
1,1,0,297,539.78558415973384,3189.5
1,1,0,298,539.80700321033692,3164.800048828125
1,1,0,299,539.82841992625117,3153.60009765625
1,1,0,300,539.84983430718876,3157.300048828125
1,1,0,301,539.8712463528617,3139
1,1,0,302,539.892656062983,3151.89990234375
1,1,0,303,539.914063437265,3135.60009765625
1,1,0,304,539.93546847542041,3147
1,1,0,305,539.95687117716227,3130.60009765625
1,1,0,306,539.97827154220374,3118.60009765625
1,1,0,307,539.99966957025788,3118.10009765625
1,1,0,308,540.02106526103807,3112.60009765625
1,1,0,309,540.042458614258,3111.5
1,1,0,310,540.063849629631,3120.699951171875
1,1,0,311,540.085238306871,3102.60009765625
1,1,0,312,540.10662464569225,3103.89990234375
1,1,0,313,540.12800864580845,3106.800048828125
1,1,0,314,540.14939030693392,3126.199951171875
1,1,0,315,540.17076962878332,3119.10009765625
1,1,0,316,540.19214661107094,3098.699951171875
1,1,0,317,540.2135212535112,3096.800048828125
1,1,0,318,540.23489355581955,3102.5
1,1,0,319,540.25626351771029,3102.5
1,1,0,320,540.27763113889921,3096.10009765625
1,1,0,321,540.298996419101,3096.5
1,1,0,322,540.32035935803128,3111.5
1,1,0,323,540.34171995540567,3091.39990234375
1,1,0,324,540.36307821093976,3113.800048828125
1,1,0,325,540.38443412434947,3093.39990234375
1,1,0,326,540.40578769535068,3093.300048828125
1,1,0,327,540.42713892365964,3098.699951171875
1,1,0,328,540.4484878089927,3105.300048828125
1,1,0,329,540.46983435106608,3080.199951171875
1,1,0,330,540.49117854959638,3092.5
1,1,0,331,540.51252040430063,3101.5
1,1,0,332,540.53385991489529,3101.89990234375
1,1,0,333,540.55519708109762,3113.89990234375
1,1,0,334,540.57653190262477,3089.199951171875
1,1,0,335,540.59786437919388,3113.5
1,1,0,336,540.61919451052256,3121.10009765625
1,1,0,337,540.6405222963283,3116.800048828125
1,1,0,338,540.661847736329,3093.39990234375
1,1,0,339,540.68317083024249,3110.199951171875
1,1,0,340,540.7044915777866,3102.699951171875
1,1,0,341,540.72580997868,3119
1,1,0,342,540.74712603264038,3104.39990234375
1,1,0,343,540.76843973938674,3143.10009765625
1,1,0,344,540.78975109863745,3114.300048828125
1,1,0,345,540.81106011011127,3082.800048828125
1,1,0,346,540.83236677352727,3075.199951171875
1,1,0,347,540.85367108860441,3087.60009765625
1,1,0,348,540.874973055062,3073.10009765625
1,1,0,349,540.89627267261915,3070.800048828125
1,1,0,350,540.91756994099558,3067.699951171875
1,1,0,351,540.938864859911,3067.699951171875
1,1,0,352,540.96015742908492,3059.199951171875
1,1,0,353,540.98144764823758,3064.39990234375
1,1,0,354,541.00273551708881,3063.39990234375
1,1,0,355,541.02402103535894,3065.5
1,1,0,356,541.04530420276853,3070.89990234375
1,1,0,357,541.06658501903792,3033.699951171875
1,1,0,358,541.08786348388776,3037.800048828125
1,1,0,359,541.109139597039,3021.10009765625
1,1,0,360,541.13041335821254,3036.39990234375
1,1,0,361,541.15168476712938,3064.699951171875
1,1,0,362,541.17295382351085,3018.300048828125
1,1,0,363,541.19422052707864,3035.89990234375
1,1,0,364,541.21548487755388,3029.199951171875
1,1,0,365,541.23674687465848,3025.800048828125
1,1,0,366,541.25800651811426,3041.800048828125
1,1,0,367,541.27926380764325,3014.699951171875
1,1,0,368,541.30051874296737,3032.5
1,1,0,369,541.32177132380923,3015.699951171875
1,1,0,370,541.3430215498912,2991.5
1,1,0,371,541.36426942093567,3021.5
1,1,0,372,541.38551493666557,3017.39990234375
1,1,0,373,541.40675809680363,3026
1,1,0,374,541.4279989010729,3024
1,1,0,375,541.44923734919655,3021.5
1,1,0,376,541.470473440898,3031
1,1,0,377,541.4917071759005,3050.5
1,1,0,378,541.51293855392782,3025
1,1,0,379,541.53416757470382,3042.60009765625
1,1,0,380,541.5553942379521,3026
1,1,0,381,541.57661854339688,3017.699951171875
1,1,0,382,541.59784049076234,3035.699951171875
1,1,0,383,541.61906007977291,3038.5
1,1,0,384,541.6402773101529,3026.10009765625
1,1,0,385,541.66149218162707,3034.39990234375
1,1,0,386,541.68270469392007,3034.60009765625
1,1,0,387,541.70391484675713,3031.5
1,1,0,388,541.725122639863,3018.699951171875
1,1,0,389,541.746328072963,3035.10009765625
1,1,0,390,541.76753114578264,3030.199951171875
1,1,0,391,541.78873185804719,3019.5
1,1,0,392,541.80993020948256,3034.60009765625
1,1,0,393,541.83112619981455,3041.39990234375
1,1,0,394,541.85231982876883,3040.10009765625
1,1,0,395,541.87351109607187,3038.800048828125
1,1,0,396,541.89470000144956,3048
1,1,0,397,541.91588654462873,3027
1,1,0,398,541.9370707253355,3050.800048828125
1,1,0,399,541.95825254329679,3025.699951171875
1,1,0,400,541.97943199823942,3039.300048828125
1,1,0,401,542.0006090898903,3026.5
1,1,0,402,542.02178381797683,3049.39990234375
1,1,0,403,542.04295618222579,3050.199951171875
1,1,0,404,542.06412618236516,3028.39990234375
1,1,0,405,542.08529381812218,3043.300048828125
1,1,0,406,542.1064590892247,3050.60009765625
1,1,0,407,542.12762199540055,3020.699951171875
1,1,0,408,542.14878253637767,3053
1,1,0,409,542.16994071188435,3040.300048828125
1,1,0,410,542.19109652164889,3065.199951171875
1,1,0,411,542.21224996539979,3061.699951171875
1,1,0,412,542.23340104286547,3028.39990234375
1,1,0,413,542.25454975377477,3048.60009765625
1,1,0,414,542.27569609785667,3046.10009765625
1,1,0,415,542.29684007484025,3064.300048828125
1,1,0,416,542.31798168445459,3071
1,1,0,417,542.33912092642913,3047.5
1,1,0,418,542.36025780049329,3052.699951171875
1,1,0,419,542.3813923063766,3048
1,1,0,420,542.40252444380917,3040
1,1,0,421,542.42365421252055,3044.39990234375
1,1,0,422,542.444781612241,3045.10009765625
1,1,0,423,542.46590664270093,3054.5
1,1,0,424,542.48702930363038,3033.199951171875
1,1,0,425,542.50814959476008,3038.699951171875
1,1,0,426,542.52926751582072,3025.10009765625
1,1,0,427,542.550383066543,3004.60009765625
1,1,0,428,542.571496246658,3025.39990234375
1,1,0,429,542.59260705589656,3016.800048828125
1,1,0,430,542.6137154939903,3035
1,1,0,431,542.6348215606705,3022.39990234375
1,1,0,432,542.65592525566876,3027.300048828125
1,1,0,433,542.67702657871655,3038.10009765625
1,1,0,434,542.698125529546,3036.60009765625
1,1,0,435,542.719222107889,3038.199951171875
1,1,0,436,542.74031631347759,3017.39990234375
1,1,0,437,542.76140814604423,3025.60009765625
1,1,0,438,542.78249760532117,3030.199951171875
1,1,0,439,542.80358469104135,3022.199951171875
1,1,0,440,542.824669402937,3018.199951171875
1,1,0,441,542.84575174074155,3023.199951171875
1,1,0,442,542.86683170418769,3000.60009765625
1,1,0,443,542.88790929300865,3003.89990234375
1,1,0,444,542.90898450693771,3013.5
1,1,0,445,542.93005734570852,2997.300048828125
1,1,0,446,542.95112780905447,2993.10009765625
1,1,0,447,542.97219589670954,2993.699951171875
1,1,0,448,542.99326160840747,2964.699951171875
1,1,0,449,543.01432494388257,3007.89990234375
1,1,0,450,543.03538590286871,2968.89990234375
1,1,0,451,543.05644448510054,2973.699951171875
1,1,0,452,543.07750069031249,2961.300048828125
1,1,0,453,543.0985545182391,2967.800048828125
1,1,0,454,543.11960596861525,2996.60009765625
1,1,0,455,543.14065504117593,2966.60009765625
1,1,0,456,543.16170173565627,2969.89990234375
1,1,0,457,543.18274605179136,2974.199951171875
1,1,0,458,543.20378798931688,2987.39990234375
1,1,0,459,543.224827547968,2971.699951171875
1,1,0,460,543.24586472748058,2997.800048828125
1,1,0,461,543.26689952759057,2978.699951171875
1,1,0,462,543.28793194803382,2980.60009765625
1,1,0,463,543.30896198854657,2986.10009765625
1,1,0,464,543.32998964886485,2995.800048828125
1,1,0,465,543.35101492872536,2988.300048828125
1,1,0,466,543.37203782786469,2979.89990234375
1,1,0,467,543.39305834601942,2980.89990234375
1,1,0,468,543.41407648292636,2970.5
1,1,0,469,543.4350922383228,2974.199951171875
1,1,0,470,543.45610561194565,2982.300048828125
1,1,0,471,543.47711660353218,2957.10009765625
1,1,0,472,543.49812521282024,2949.699951171875
1,1,0,473,543.5191314395471,2934.300048828125
1,1,0,474,543.54013528345058,2940.10009765625
1,1,0,475,543.56113674426877,2934.5
1,1,0,476,543.58213582173948,2928.199951171875
1,1,0,477,543.603132515601,2926.10009765625
1,1,0,478,543.62412682559182,2916.89990234375
1,1,0,479,543.64511875145024,2907
1,1,0,480,543.66610829291494,2900.5
1,1,0,481,543.68709544972478,2912
1,1,0,482,543.70808022161873,2927.10009765625
1,1,0,483,543.729062608336,2916.800048828125
1,1,0,484,543.75004260961543,2911.39990234375
1,1,0,485,543.77102022519682,2904.300048828125
1,1,0,486,543.79199545481947,2899.60009765625
1,1,0,487,543.81296829822315,2901.800048828125
1,1,0,488,543.83393875514776,2891.300048828125
1,1,0,489,543.854906825333,2871.39990234375
1,1,0,490,543.87587250851948,2876.89990234375
1,1,0,491,543.89683580444694,2879.60009765625
1,1,0,492,543.91779671285633,2885.89990234375
1,1,0,493,543.93875523348777,2886.10009765625
1,1,0,494,543.95971136608227,2890.800048828125
1,1,0,495,543.98066511038053,2890.10009765625
1,1,0,496,544.00161646612366,2895
1,1,0,497,544.02256543305293,2861.800048828125
1,1,0,498,544.04351201090947,2884.60009765625
1,1,0,499,544.06445619943474,2877.10009765625
1,1,0,500,544.08539799837047,2881.60009765625
1,1,0,501,544.10633740745834,2877.39990234375
1,1,0,502,544.12727442644029,2881.60009765625
1,1,0,503,544.14820905505849,2891
1,1,0,504,544.169141293055,2866.5
1,1,0,505,544.19007114017211,2848.10009765625
1,1,0,506,544.21099859615242,2872.5
1,1,0,507,544.23192366073863,2872.5
1,1,0,508,544.25284633367346,2868.10009765625
1,1,0,509,544.27376661469987,2860.60009765625
1,1,0,510,544.294684503561,2873.39990234375
1,1,0,511,544.31560000000013,2866.60009765625
1,1,0,512,544.33651310376047,2867.699951171875
1,1,0,513,544.35742381458567,2877.300048828125
1,1,0,514,544.37833213221938,2880.89990234375
1,1,0,515,544.39923805640558,2876.699951171875
1,1,0,516,544.42014158688812,2865.60009765625
1,1,0,517,544.4410427234111,2893.89990234375
1,1,0,518,544.461941465719,2868.699951171875
1,1,0,519,544.482837813556,2862.800048828125
1,1,0,520,544.50373176666676,2863.10009765625
1,1,0,521,544.52462332479615,2884.60009765625
1,1,0,522,544.54551248768894,2862.60009765625
1,1,0,523,544.56639925509012,2863.800048828125
1,1,0,524,544.58728362674492,2865.699951171875
1,1,0,525,544.60816560239857,2867.300048828125
1,1,0,526,544.62904518179664,2855.199951171875
1,1,0,527,544.6499223646847,2876.199951171875
1,1,0,528,544.67079715080865,2842.89990234375
1,1,0,529,544.691669539914,2853.60009765625
1,1,0,530,544.71253953174732,2847.800048828125
1,1,0,531,544.73340712605454,2852.800048828125
1,1,0,532,544.75427232258221,2853.300048828125
1,1,0,533,544.77513512107646,2848.199951171875
1,1,0,534,544.79599552128445,2843.89990234375
1,1,0,535,544.81685352295256,2834.39990234375
1,1,0,536,544.83770912582793,2836.5
1,1,0,537,544.85856232965773,2837.800048828125
1,1,0,538,544.87941313418912,2832
1,1,0,539,544.90026153916961,2848.5
1,1,0,540,544.92110754434646,2835
1,1,0,541,544.94195114946785,2812.699951171875
1,1,0,542,544.96279235428108,2824.60009765625
1,1,0,543,544.98363115853454,2853.60009765625
1,1,0,544,545.0044675619763,2841.199951171875
1,1,0,545,545.02530156435432,2843
1,1,0,546,545.04613316541759,2837.89990234375
1,1,0,547,545.06696236491427,2822.60009765625
1,1,0,548,545.08778916259337,2820.5
1,1,0,549,545.10861355820361,2830.699951171875
1,1,0,550,545.12943555149411,2835.39990234375
1,1,0,551,545.15025514221406,2807.5
1,1,0,552,545.17107233011268,2805.60009765625
1,1,0,553,545.1918871149395,2830.699951171875
1,1,0,554,545.21269949644432,2843.5
1,1,0,555,545.23350947437677,2832.699951171875
1,1,0,556,545.25431704848677,2833.199951171875
1,1,0,557,545.27512221852442,2819.89990234375
1,1,0,558,545.29592498423983,2842.199951171875
1,1,0,559,545.3167253453837,2832.39990234375
1,1,0,560,545.33752330170626,2822.10009765625
1,1,0,561,545.35831885295818,2821.60009765625
1,1,0,562,545.37911199889049,2816.699951171875
1,1,0,563,545.399902739254,2805.60009765625
1,1,0,564,545.4206910738,2812.699951171875
1,1,0,565,545.4414770022795,2805.699951171875
1,1,0,566,545.4622605244441,2803
1,1,0,567,545.48304164004526,2822.60009765625
1,1,0,568,545.50382034883478,2839.300048828125
1,1,0,569,545.52459665056449,2809.699951171875
1,1,0,570,545.54537054498655,2822.800048828125
1,1,0,571,545.56614203185291,2809.199951171875
1,1,0,572,545.58691111091582,2808.10009765625
1,1,0,573,545.607677781928,2827.199951171875
1,1,0,574,545.62844204464193,2817.10009765625
1,1,0,575,545.64920389881036,2808.699951171875
1,1,0,576,545.669963344186,2818.800048828125
1,1,0,577,545.69072038052241,2819.60009765625
1,1,0,578,545.7114750075724,2805.300048828125
1,1,0,579,545.73222722508945,2806.89990234375
1,1,0,580,545.75297703282683,2801.60009765625
1,1,0,581,545.77372443053855,2803.300048828125
1,1,0,582,545.79446941797835,2803.60009765625
1,1,0,583,545.8152119949,2804.300048828125
1,1,0,584,545.83595216105755,2803.10009765625
1,1,0,585,545.85668991620548,2815
1,1,0,586,545.87742526009811,2816.5
1,1,0,587,545.89815819248986,2818.10009765625
1,1,0,588,545.91888871313574,2810.5
1,1,0,589,545.9396168217902,2825.800048828125
1,1,0,590,545.96034251820856,2807.39990234375
1,1,0,591,545.98106580214562,2828.89990234375
1,1,0,592,546.001786673357,2817.199951171875
1,1,0,593,546.022505131598,2827.699951171875
1,1,0,594,546.04322117662423,2824.699951171875
1,1,0,595,546.06393480819122,2832.10009765625
1,1,0,596,546.08464602605534,2831.800048828125
1,1,0,597,546.105354829972,2838.10009765625
1,1,0,598,546.12606121969793,2826.39990234375
1,1,0,599,546.14676519498926,2830.89990234375
1,1,0,600,546.16746675560239,2824.39990234375
1,1,0,601,546.18816590129416,2831.89990234375
1,1,0,602,546.208862631821,2837.800048828125
1,1,0,603,546.22955694694042,2835.39990234375
1,1,0,604,546.25024884640879,2840.699951171875
1,1,0,605,546.27093832998389,2844.800048828125
1,1,0,606,546.29162539742288,2835.300048828125
1,1,0,607,546.31231004848325,2829.300048828125
1,1,0,608,546.33299228292287,2857
1,1,0,609,546.35367210049935,2852.199951171875
1,1,0,610,546.37434950097077,2866.800048828125
1,1,0,611,546.39502448409507,2858
1,1,0,612,546.41569704963092,2857.39990234375
1,1,0,613,546.43636719733638,2861.39990234375
1,1,0,614,546.45703492697021,2873.699951171875
1,1,0,615,546.47770023829116,2878
1,1,0,616,546.49836313105789,2885.300048828125
1,1,0,617,546.51902360502959,2883.10009765625
1,1,0,618,546.53968165996548,2913.300048828125
1,1,0,619,546.56033729562466,2922.60009765625
1,1,0,620,546.5809905117668,2929.199951171875
1,1,0,621,546.60164130815144,2958.10009765625
1,1,0,622,546.62228968453837,2958.800048828125
1,1,0,623,546.64293564068737,2990.60009765625
1,1,0,624,546.66357917635878,3026.699951171875
1,1,0,625,546.6842202913125,3050.89990234375
1,1,0,626,546.70485898530933,3083
1,1,0,627,546.72549525810916,3115.39990234375
1,1,0,628,546.74612910947326,3177.5
1,1,0,629,546.76676053916208,3241.89990234375
1,1,0,630,546.78738954693665,3310.5
1,1,0,631,546.80801613255824,3394.60009765625
1,1,0,632,546.82864029578786,3462.89990234375
1,1,0,633,546.849262036387,3567.5
1,1,0,634,546.86988135411741,3628.89990234375
1,1,0,635,546.89049824874064,3711.800048828125
1,1,0,636,546.91111272001842,3768.800048828125
1,1,0,637,546.931724767713,3823.89990234375
1,1,0,638,546.95233439158653,3833.89990234375
1,1,0,639,546.97294159140108,3802.10009765625
1,1,0,640,546.99354636691919,3754
1,1,0,641,547.01414871790371,3679.60009765625
1,1,0,642,547.03474864411714,3599.5
1,1,0,643,547.05534614532246,3539
1,1,0,644,547.07594122128262,3420.300048828125
1,1,0,645,547.09653387176093,3336.199951171875
1,1,0,646,547.1171240965208,3245.5
1,1,0,647,547.13771189532576,3201.199951171875
1,1,0,648,547.15829726793913,3115.60009765625
1,1,0,649,547.17888021412512,3061.699951171875
1,1,0,650,547.19946073364747,3014.39990234375
1,1,0,651,547.2200388262703,2982.699951171875
1,1,0,652,547.24061449175792,2930.60009765625
1,1,0,653,547.26118772987468,2907.800048828125
1,1,0,654,547.281758540385,2888.199951171875
1,1,0,655,547.3023269230539,2871.10009765625
1,1,0,656,547.32289287764593,2853.39990234375
1,1,0,657,547.34345640392621,2844.300048828125
1,1,0,658,547.36401750165987,2828.699951171875
1,1,0,659,547.38457617061215,2817.39990234375
1,1,0,660,547.40513241054873,2768.199951171875
1,1,0,661,547.42568622123486,2790.39990234375
1,1,0,662,547.44623760243655,2783.800048828125
1,1,0,663,547.46678655391963,2774.199951171875
1,1,0,664,547.4873330754499,2763.300048828125
1,1,0,665,547.507877166794,2743.800048828125
1,1,0,666,547.528418827718,2771.300048828125
1,1,0,667,547.54895805798833,2734.10009765625
1,1,0,668,547.56949485737175,2735
1,1,0,669,547.59002922563513,2707.10009765625
1,1,0,670,547.61056116254531,2701.300048828125
1,1,0,671,547.63109066786933,2727.60009765625
1,1,0,672,547.65161774137459,2723
1,1,0,673,547.67214238282827,2715.699951171875
1,1,0,674,547.6926645919981,2716
1,1,0,675,547.7131843686517,2710.199951171875
1,1,0,676,547.73370171255681,2709.199951171875
1,1,0,677,547.75421662348174,2693.800048828125
1,1,0,678,547.77472910119423,2693
1,1,0,679,547.79523914546269,2682.89990234375
1,1,0,680,547.81574675605577,2677.39990234375
1,1,0,681,547.83625193274179,2681.5
1,1,0,682,547.85675467528961,2690.60009765625
1,1,0,683,547.87725498346811,2667
1,1,0,684,547.89775285704627,2676.89990234375
1,1,0,685,547.91824829579343,2654.699951171875
1,1,0,686,547.93874129947892,2663.60009765625
1,1,0,687,547.959231867872,2660.800048828125
1,1,0,688,547.97972000074242,2662.800048828125
1,1,0,689,548.00020569786,2664.39990234375
1,1,0,690,548.0206889589947,2654.800048828125
1,1,0,691,548.04116978391653,2644.39990234375
1,1,0,692,548.06164817239585,2647.60009765625
1,1,0,693,548.08212412420289,2651.5
1,1,0,694,548.10259763910813,2659.60009765625
1,1,0,695,548.12306871688259,2647.300048828125
1,1,0,696,548.14353735729685,2662.800048828125
1,1,0,697,548.164003560122,2655.89990234375
1,1,0,698,548.18446732512894,2640.10009765625
1,1,0,699,548.204928652089,2627.89990234375
1,1,0,700,548.225387540774,2638.699951171875
1,1,0,701,548.24584399095522,2629.300048828125
1,1,0,702,548.26629800240437,2639.800048828125
1,1,0,703,548.28674957489341,2657.39990234375
1,1,0,704,548.30719870819451,2623.300048828125
1,1,0,705,548.3276454020795,2655.60009765625
1,1,0,706,548.348089656321,2647.199951171875
1,1,0,707,548.36853147069132,2639.300048828125
1,1,0,708,548.38897084496341,2631.800048828125
1,1,0,709,548.40940777890967,2630.300048828125
1,1,0,710,548.42984227230318,2629.300048828125
1,1,0,711,548.4502743249169,2622.10009765625
1,1,0,712,548.47070393652439,2632.300048828125
1,1,0,713,548.49113110689871,2630.699951171875
1,1,0,714,548.51155583581351,2638.699951171875
1,1,0,715,548.53197812304268,2642.300048828125
1,1,0,716,548.55239796835963,2618.5
1,1,0,717,548.57281537153858,2612.199951171875
1,1,0,718,548.59323033235364,2620.39990234375
1,1,0,719,548.61364285057914,2616.39990234375
1,1,0,720,548.63405292598941,2605.699951171875
1,1,0,721,548.65446055835912,2607.800048828125
1,1,0,722,548.674865747463,2636.699951171875
1,1,0,723,548.69526849307579,2601.39990234375
1,1,0,724,548.71566879497277,2600.39990234375
1,1,0,725,548.7360666529288,2610.300048828125
1,1,0,726,548.75646206671945,2592.60009765625
1,1,0,727,548.7768550361202,2616.800048828125
1,1,0,728,548.79724556090639,2597.199951171875
1,1,0,729,548.81763364085418,2600.5
1,1,0,730,548.83801927573938,2614.60009765625
1,1,0,731,548.85840246533792,2581.5
1,1,0,732,548.87878320942627,2615.300048828125
1,1,0,733,548.8991615077806,2604.39990234375
1,1,0,734,548.91953736017751,2598.60009765625
1,1,0,735,548.93991076639372,2602.60009765625
1,1,0,736,548.96028172620606,2590.800048828125
1,1,0,737,548.98065023939148,2615.89990234375
1,1,0,738,549.001016305727,2608
1,1,0,739,549.02137992499013,2589.699951171875
1,1,0,740,549.04174109695816,2582.5
1,1,0,741,549.06209982140876,2601.800048828125
1,1,0,742,549.08245609811945,2590.199951171875
1,1,0,743,549.10280992686842,2587
1,1,0,744,549.12316130743341,2575.89990234375
1,1,0,745,549.14351023959273,2580.800048828125
1,1,0,746,549.1638567231247,2588.89990234375
1,1,0,747,549.18420075780773,2576
1,1,0,748,549.20454234342071,2589.5
1,1,0,749,549.22488147974207,2603.800048828125
1,1,0,750,549.245218166551,2581.800048828125
1,1,0,751,549.26555240362643,2569.800048828125
1,1,0,752,549.28588419074765,2578.89990234375
1,1,0,753,549.306213527694,2572.10009765625
1,1,0,754,549.32654041424519,2574.89990234375
1,1,0,755,549.34686485018062,2587.699951171875
1,1,0,756,549.36718683528034,2574.89990234375
1,1,0,757,549.38750636932411,2578.39990234375
1,1,0,758,549.40782345209232,2573.699951171875
1,1,0,759,549.42813808336518,2571
1,1,0,760,549.448450262923,2582.10009765625
1,1,0,761,549.46875999054646,2584.10009765625
1,1,0,762,549.48906726601615,2570.89990234375
1,1,0,763,549.50937208911307,2587.89990234375
1,1,0,764,549.52967445961849,2575.800048828125
1,1,0,765,549.549974377313,2569.800048828125
1,1,0,766,549.57027184197852,2571.800048828125
1,1,0,767,549.59056685339613,2550.60009765625
1,1,0,768,549.61085941134775,2545.699951171875
1,1,0,769,549.631149515615,2568.300048828125
1,1,0,770,549.65143716597981,2563
1,1,0,771,549.67172236222427,2562.39990234375
1,1,0,772,549.69200510413066,2588.199951171875
1,1,0,773,549.71228539148137,2567.800048828125
1,1,0,774,549.73256322405894,2564.699951171875
1,1,0,775,549.752838601646,2542.60009765625
1,1,0,776,549.77311152402524,2562.89990234375
1,1,0,777,549.79338199098,2548.10009765625
1,1,0,778,549.81365000229323,2550.10009765625
1,1,0,779,549.83391555774813,2562.10009765625
1,1,0,780,549.85417865712816,2545
1,1,0,781,549.874439300217,2569
1,1,0,782,549.89469748679824,2551.5
1,1,0,783,549.91495321665593,2547.300048828125
1,1,0,784,549.935206489574,2559.60009765625
1,1,0,785,549.95545730533672,2535.699951171875
1,1,0,786,549.97570566372838,2545.699951171875
1,1,0,787,549.99595156453324,2546
1,1,0,788,550.01619500753645,2554.39990234375
1,1,0,789,550.03643599252234,2530.5
1,1,0,790,550.05667451927593,2532.5
1,1,0,791,550.07691058758246,2538.199951171875
1,1,0,792,550.09714419722707,2551
1,1,0,793,550.11737534799522,2536.800048828125
1,1,0,794,550.13760403967217,2517
1,1,0,795,550.15783027204407,2520.89990234375
1,1,0,796,550.17805404489627,2518.10009765625
1,1,0,797,550.19827535801517,2515.10009765625
1,1,0,798,550.21849421118668,2507.60009765625
1,1,0,799,550.23871060419708,2517.60009765625
1,1,0,800,550.258924536833,2531.300048828125
1,1,0,801,550.27913600888076,2521.300048828125
1,1,0,802,550.29934502012725,2532.300048828125
1,1,0,803,550.31955157035929,2522.699951171875
1,1,0,804,550.33975565936407,2506.699951171875
1,1,0,805,550.35995728692853,2518.10009765625
1,1,0,806,550.38015645284031,2514
1,1,0,807,550.40035315688669,2509.300048828125
1,1,0,808,550.42054739885532,2505.89990234375
1,1,0,809,550.44073917853393,2503.60009765625
1,1,0,810,550.46092849571073,2496.199951171875
1,1,0,811,550.48111535017358,2486.699951171875
1,1,0,812,550.5012997417108,2493.199951171875
1,1,0,813,550.5214816701108,2506.800048828125
1,1,0,814,550.54166113516192,2500.60009765625
1,1,0,815,550.56183813665325,2494.800048828125
1,1,0,816,550.58201267437323,2487.800048828125
1,1,0,817,550.60218474811109,2492.89990234375
1,1,0,818,550.62235435765581,2496.300048828125
1,1,0,819,550.64252150279674,2486.5
1,1,0,820,550.66268618332344,2490.199951171875
1,1,0,821,550.68284839902549,2491.5
1,1,0,822,550.70300814969244,2472.199951171875
1,1,0,823,550.72316543511431,2478
1,1,0,824,550.74332025508124,2471.10009765625
1,1,0,825,550.76347260938314,2478.5
1,1,0,826,550.7836224978106,2479.699951171875
1,1,0,827,550.8037699201542,2478.699951171875
1,1,0,828,550.82391487620441,2479.699951171875
1,1,0,829,550.84405736575172,2484.300048828125
1,1,0,830,550.86419738858774,2463.5
1,1,0,831,550.88433494450317,2486.60009765625
1,1,0,832,550.90447003328927,2493.199951171875
1,1,0,833,550.92460265473744,2489.60009765625
1,1,0,834,550.9447328086394,2461.39990234375
1,1,0,835,550.96486049478665,2477.89990234375
1,1,0,836,550.984985712971,2463.699951171875
1,1,0,837,551.00510846298471,2464.60009765625
1,1,0,838,551.02522874461977,2454.5
1,1,0,839,551.04534655766838,2466.60009765625
1,1,0,840,551.06546190192319,2466.199951171875
1,1,0,841,551.0855747771767,2454.10009765625
1,1,0,842,551.10568518322157,2464.89990234375
1,1,0,843,551.12579311985075,2468.699951171875
1,1,0,844,551.14589858685736,2440.199951171875
1,1,0,845,551.16600158403457,2455.5
1,1,0,846,551.18610211117584,2460.699951171875
1,1,0,847,551.20620016807436,2463.60009765625
1,1,0,848,551.22629575452413,2466
1,1,0,849,551.24638887031881,2439.199951171875
1,1,0,850,551.26647951525229,2460.39990234375
1,1,0,851,551.28656768911878,2442.300048828125
1,1,0,852,551.30665339171242,2454.699951171875
1,1,0,853,551.32673662282775,2447.800048828125
1,1,0,854,551.34681738225913,2470.89990234375
1,1,0,855,551.36689566980147,2420.60009765625
1,1,0,856,551.38697148524955,2436.89990234375
1,1,0,857,551.40704482839828,2432.699951171875
1,1,0,858,551.427115699043,2425.199951171875
1,1,0,859,551.44718409697884,2429.699951171875
1,1,0,860,551.46725002200139,2439.60009765625
1,1,0,861,551.48731347390628,2421.800048828125
1,1,0,862,551.507374452489,2427.10009765625
1,1,0,863,551.52743295754556,2424.699951171875
1,1,0,864,551.54748898887237,2425.5
1,1,0,865,551.56754254626514,2424.199951171875
1,1,0,866,551.5875936295206,2439.5
1,1,0,867,551.60764223843489,2447.60009765625
1,1,0,868,551.62768837280521,2434
1,1,0,869,551.64773203242783,2426.300048828125
1,1,0,870,551.66777321709992,2424.800048828125
1,1,0,871,551.68781192661868,2403.89990234375
1,1,0,872,551.70784816078128,2407.89990234375
1,1,0,873,551.72788191938514,2422.60009765625
1,1,0,874,551.74791320222778,2405.300048828125
1,1,0,875,551.767942009107,2417.199951171875
1,1,0,876,551.78796833982062,2401.199951171875
1,1,0,877,551.80799219416656,2413.300048828125
1,1,0,878,551.82801357194319,2406.699951171875
1,1,0,879,551.8480324729486,2414.60009765625
1,1,0,880,551.86804889698135,2420.300048828125
1,1,0,881,551.8880628438402,2401.10009765625
1,1,0,882,551.90807431332371,2389.5
1,1,0,883,551.92808330523076,2413.10009765625
1,1,0,884,551.94808981936058,2380.39990234375
1,1,0,885,551.96809385551239,2424.800048828125
1,1,0,886,551.98809541348544,2376.800048828125
1,1,0,887,552.00809449307917,2393.199951171875
1,1,0,888,552.0280910940935,2394.300048828125
1,1,0,889,552.0480852163281,2404.800048828125
1,1,0,890,552.0680768595829,2408.300048828125
1,1,0,891,552.088066023658,2375.300048828125
1,1,0,892,552.10805270835408,2383.10009765625
1,1,0,893,552.12803691347085,2394.89990234375
1,1,0,894,552.1480186388095,2374.800048828125
1,1,0,895,552.16799788417029,2370.800048828125
1,1,0,896,552.18797464935449,2383
1,1,0,897,552.2079489341628,2364
1,1,0,898,552.22792073839651,2387.5
1,1,0,899,552.247890061857,2375.39990234375
1,1,0,900,552.26785690434576,2373.39990234375
1,1,0,901,552.28782126566421,2369
1,1,0,902,552.30778314561439,2352.5
1,1,0,903,552.327742543998,2360.699951171875
1,1,0,904,552.34769946061726,2342.199951171875
1,1,0,905,552.36765389527432,2365
1,1,0,906,552.38760584777151,2351.39990234375
1,1,0,907,552.4075553179116,2372.5
1,1,0,908,552.42750230549689,2355.89990234375
1,1,0,909,552.44744681033046,2353.800048828125
1,1,0,910,552.46738883221531,2357.5
1,1,0,911,552.4873283709544,2353.5
1,1,0,912,552.50726542635107,2361.199951171875
1,1,0,913,552.52719999820886,2345.800048828125
1,1,0,914,552.54713208633109,2350.39990234375
1,1,0,915,552.56706169052177,2327.60009765625
1,1,0,916,552.58698881058467,2353.89990234375
1,1,0,917,552.60691344632369,2347.800048828125
1,1,0,918,552.62683559754328,2347.60009765625
1,1,0,919,552.64675526404756,2343.10009765625
1,1,0,920,552.666672445641,2356.5
1,1,0,921,552.68658714212847,2352.39990234375
1,1,0,922,552.70649935331437,2347.800048828125
1,1,0,923,552.726409079004,2348.10009765625
1,1,0,924,552.74631631900218,2350.39990234375
1,1,0,925,552.76622107311437,2332.699951171875
1,1,0,926,552.78612334114575,2322.199951171875
1,1,0,927,552.80602312290193,2330.300048828125
1,1,0,928,552.82592041818862,2334.10009765625
1,1,0,929,552.84581522681162,2333.800048828125
1,1,0,930,552.86570754857689,2339
1,1,0,931,552.88559738329059,2333
1,1,0,932,552.9054847307591,2319.5
1,1,0,933,552.9253695907887,2318.5
1,1,0,934,552.94525196318614,2342.800048828125
1,1,0,935,552.965131847758,2335.5
1,1,0,936,552.98500924431119,2312.800048828125
1,1,0,937,553.00488415265283,2311.10009765625
1,1,0,938,553.02475657259,2307.199951171875
1,1,0,939,553.04462650393032,2332.300048828125
1,1,0,940,553.064493946481,2309.199951171875
1,1,0,941,553.08435890004955,2303.60009765625
1,1,0,942,553.104221364444,2305.39990234375
1,1,0,943,553.12408133947247,2314.60009765625
1,1,0,944,553.14393882494255,2307
1,1,0,945,553.16379382066293,2307.5
1,1,0,946,553.1836463264417,2293.89990234375
1,1,0,947,553.20349634208776,2296.89990234375
1,1,0,948,553.22334386740931,2302.60009765625
1,1,0,949,553.24318890221559,2287.699951171875
1,1,0,950,553.26303144631538,2289
1,1,0,951,553.282871499518,2304.60009765625
1,1,0,952,553.30270906163253,2282.5
1,1,0,953,553.32254413246869,2290.800048828125
1,1,0,954,553.34237671183587,2282.5
1,1,0,955,553.36220679954386,2289.800048828125
1,1,0,956,553.38203439540246,2288.699951171875
1,1,0,957,553.40185949922181,2298.39990234375
1,1,0,958,553.42168211081218,2267.800048828125
1,1,0,959,553.44150222998383,2266.60009765625
1,1,0,960,553.46131985654733,2286
1,1,0,961,553.48113499031319,2279.39990234375
1,1,0,962,553.50094763109223,2280
1,1,0,963,553.52075777869561,2273
1,1,0,964,553.54056543293416,2256.699951171875
1,1,0,965,553.56037059361927,2266.89990234375
1,1,0,966,553.58017326056245,2267.199951171875
1,1,0,967,553.599973433575,2264.800048828125
1,1,0,968,553.6197711124687,2254.800048828125
1,1,0,969,553.63956629705547,2266.5
1,1,0,970,553.65935898714736,2271.10009765625
1,1,0,971,553.67914918255644,2268.89990234375
1,1,0,972,553.69893688309492,2268.5
1,1,0,973,553.7187220885753,2258.699951171875
1,1,0,974,553.73850479881025,2248.10009765625
1,1,0,975,553.75828501361264,2263.39990234375
1,1,0,976,553.77806273279521,2246.39990234375
1,1,0,977,553.797837956171,2250.10009765625
1,1,0,978,553.81761068355331,2253.10009765625
1,1,0,979,553.83738091475527,2250.5
1,1,0,980,553.85714864959084,2344.300048828125
1,1,0,981,553.87691388787323,2282.10009765625
1,1,0,982,553.89667662941645,2238.699951171875
1,1,0,983,553.91643687403428,2243
1,1,0,984,553.93619462154118,2251.10009765625
1,1,0,985,553.95594987175116,2249.199951171875
1,1,0,986,553.97570262447846,2261.10009765625
1,1,0,987,553.99545287953811,2247.39990234375
1,1,0,988,554.01520063674434,2244.300048828125
1,1,0,989,554.0349458959123,2234.89990234375
1,1,0,990,554.05468865685691,2246.699951171875
1,1,0,991,554.07442891939343,2253.89990234375
1,1,0,992,554.094166683337,2249.5
1,1,0,993,554.1139019485031,2249.60009765625
1,1,0,994,554.13363471470745,2242
1,1,0,995,554.15336498176578,2220.39990234375
1,1,0,996,554.17309274949412,2242.89990234375
1,1,0,997,554.19281801770819,2243.60009765625
1,1,0,998,554.21254078622451,2241.60009765625
1,1,0,999,554.23226105485935,2233.5
1,1,0,1000,554.25197882342911,2230.39990234375
1,1,0,1001,554.27169409175065,2217.199951171875
1,1,0,1002,554.29140685964069,2236.10009765625
1,1,0,1003,554.31111712691632,2225
1,1,0,1004,554.33082489339427,2242.10009765625
1,1,0,1005,554.35053015889218,2219.699951171875
1,1,0,1006,554.37023292322749,2231.89990234375
1,1,0,1007,554.38993318621749,2218.5
1,1,0,1008,554.40963094768006,2227.5
1,1,0,1009,554.42932620743306,2208.89990234375
1,1,0,1010,554.4490189652945,2218.10009765625
1,1,0,1011,554.46870922108258,2215.199951171875
1,1,0,1012,554.48839697461551,2211.699951171875
1,1,0,1013,554.50808222571186,2206.10009765625
1,1,0,1014,554.52776497419029,2211.699951171875
1,1,0,1015,554.54744521986936,2198.89990234375
1,1,0,1016,554.56712296256819,2198.60009765625
1,1,0,1017,554.5867982021058,2200.800048828125
1,1,0,1018,554.60647093830141,2189.800048828125
1,1,0,1019,554.62614117097428,2212
1,1,0,1020,554.6458088999442,2176.800048828125
1,1,0,1021,554.66547412503053,2103.89990234375
1,1,0,1022,554.6851368460533,2060.39990234375
1,1,0,1023,554.70479706283231,1924.800048828125
